id,standardName,ingredientCode,ingredientCategory,supportStatus
1,AP 콜라겐 효소분해 펩타이드,,FUNCTIONAL_INGREDIENT,UNRESOLVED
2,APIC 대두배아열수추출물등 복합물,,FUNCTIONAL_INGREDIENT,UNRESOLVED
3,Akkermansia muciniphila EB-AMDK19 열처리배양건조물,,FUNCTIONAL_INGREDIENT,UNRESOLVED
4,Akkermansia muciniphila HB05 열처리배양건조물(HB05P),,FUNCTIONAL_INGREDIENT,UNRESOLVED
5,B. breve IDCC 4401 열처리배양건조물(BBR®),,FUNCTIONAL_INGREDIENT,UNRESOLVED
6,BT-11원지추출분말,,FUNCTIONAL_INGREDIENT,UNRESOLVED
7,Bacillus coagulans BC99 프로바이오틱스,,FUNCTIONAL_INGREDIENT,UNRESOLVED
8,Bacillus coagulans SNZ 1969 프로바이오틱스,,FUNCTIONAL_INGREDIENT,UNRESOLVED
9,Bacillus coagulans Unique IS-2 프로바이오틱스,,FUNCTIONAL_INGREDIENT,UNRESOLVED
10,Bifidobacterium breve B-3 프로바이오틱스,,FUNCTIONAL_INGREDIENT,UNRESOLVED
11,Bimuno GOS powder,,FUNCTIONAL_INGREDIENT,UNRESOLVED
12,CALRINOL 공액리놀레산(지방산 형태),,FUNCTIONAL_INGREDIENT,UNRESOLVED
13,CALRINOL 공액리놀레산(트리글리세라이드 형태),,FUNCTIONAL_INGREDIENT,UNRESOLVED
14,CJ식물성유지 디글리세라이드(DG),,FUNCTIONAL_INGREDIENT,UNRESOLVED
15,CJ저분자콜라겐펩타이드,,FUNCTIONAL_INGREDIENT,UNRESOLVED
16,CLA FFA,,FUNCTIONAL_INGREDIENT,UNRESOLVED
17,CLA-80HGR,,FUNCTIONAL_INGREDIENT,UNRESOLVED
18,CLA-80TAG (트리글리세리드형태),,FUNCTIONAL_INGREDIENT,UNRESOLVED
19,CLARIONL 공액리놀렌산(트리글리세라이드 형태),,FUNCTIONAL_INGREDIENT,UNRESOLVED
20,CMO 함유 FAC(Fatty Acid Complex),,FUNCTIONAL_INGREDIENT,UNRESOLVED
21,Ca-PGA,,FUNCTIONAL_INGREDIENT,UNRESOLVED
22,CaHMB(Calcium β-Hydroxy-β-methylbutyrate),,FUNCTIONAL_INGREDIENT,UNRESOLVED
23,Collactive 콜라겐펩타이드,,FUNCTIONAL_INGREDIENT,UNRESOLVED
24,Dimethylsulfone(MSM),,FUNCTIONAL_INGREDIENT,UNRESOLVED
25,EPA 및 DHA 함유 유지,EPA_DHA,FUNCTIONAL_INGREDIENT,SUPPORTED
26,EPA 및 DHA 함유 유지(고시형 원료),,FUNCTIONAL_INGREDIENT,UNRESOLVED
27,Enterococcus faecalis FK-23 효소 및 가열처리분말(LFK),,FUNCTIONAL_INGREDIENT,UNRESOLVED
28,FK-23(Enterococcus faecalis 가열처리 건조분말),,FUNCTIONAL_INGREDIENT,UNRESOLVED
29,FloraGLO Lutein(20% liquid in safflower oil),,FUNCTIONAL_INGREDIENT,UNRESOLVED
30,Free Lutein 복합물(Lutein 20% FS),,FUNCTIONAL_INGREDIENT,UNRESOLVED
31,Geo-Fresh Organic 가르시니아 캄보지아 껍질추출물,,FUNCTIONAL_INGREDIENT,UNRESOLVED
32,Green Mate Extract EFLA® 920,,FUNCTIONAL_INGREDIENT,UNRESOLVED
33,HK 나토배양물,,FUNCTIONAL_INGREDIENT,UNRESOLVED
34,HK표고버섯균사체,,FUNCTIONAL_INGREDIENT,UNRESOLVED
35,KANEKA Q10,,FUNCTIONAL_INGREDIENT,UNRESOLVED
36,KD-28 복합추출분말(제2007-13호),,UNKNOWN,UNRESOLVED
37,L-arabinose,,FUNCTIONAL_INGREDIENT,UNRESOLVED
38,L-글루타민,,FUNCTIONAL_INGREDIENT,UNRESOLVED
39,L-글루타민산 유래 GABA 함유 분말,,FUNCTIONAL_INGREDIENT,UNRESOLVED
40,L-글루탐산발효 가바분말,,FUNCTIONAL_INGREDIENT,UNRESOLVED
41,L-아르기닌,,FUNCTIONAL_INGREDIENT,UNRESOLVED
42,L-카르니틴 타르트레이트,,FUNCTIONAL_INGREDIENT,UNRESOLVED
43,L-테아닌,,FUNCTIONAL_INGREDIENT,UNRESOLVED
44,L. Helveticus 발효물,,FUNCTIONAL_INGREDIENT,UNRESOLVED
45,L. curvatus HY7601와 L. plantarum KY1032의 프로바이오틱스 복합물,,FUNCTIONAL_INGREDIENT,UNRESOLVED
46,L. mucosae NK41과 B. longum NK46의 프로바이오틱스 복합물(NVP-2106),,FUNCTIONAL_INGREDIENT,UNRESOLVED
47,L. plantarum LC27과 B. longum LC67의 프로바이오틱스 복합물(NVP-1702),,FUNCTIONAL_INGREDIENT,UNRESOLVED
48,L. rhamnosus IDCC 3201 열처리배양건조물(RHT®),,FUNCTIONAL_INGREDIENT,UNRESOLVED
49,L.plantarum IM76과 B.longum IM55복합물(NVP1703),,FUNCTIONAL_INGREDIENT,UNRESOLVED
50,Lacticaseibacillus paracasei BEPC22와 Lactiplantibacillus plantarum BELP53의 프로바이오틱스 복합,,FUNCTIONAL_INGREDIENT,UNRESOLVED
51,Lacticaseibacillus paracasei HY7017 프로바이오틱스,,FUNCTIONAL_INGREDIENT,UNRESOLVED
52,Lacticaseibacillus paracasei subsp. paracasei 327(K-1) 열처리배양건조물,,FUNCTIONAL_INGREDIENT,UNRESOLVED
53,Lactiplantibacillus plantarum ATG-K2 프로바이오틱스,,FUNCTIONAL_INGREDIENT,UNRESOLVED
54,Lactiplantibacillus plantarum C29 프로바이오틱스와 발효대두분말의 복합물(DW2009),,FUNCTIONAL_INGREDIENT,UNRESOLVED
55,Lactiplantibacillus plantarum CJLP133 프로바이오틱스,,FUNCTIONAL_INGREDIENT,UNRESOLVED
56,Lactiplantibacillus plantarum HAC01 프로바이오틱스,,FUNCTIONAL_INGREDIENT,UNRESOLVED
57,Lactiplantibacillus plantarum LMT1-48 프로바이오틱스,,FUNCTIONAL_INGREDIENT,UNRESOLVED
58,Lactiplantibacillus plantarum NK151과 Bifidobacterium bifidum NK175의 프로바이오틱스 복합물(LB101,,FUNCTIONAL_INGREDIENT,UNRESOLVED
59,Lactiplantibacillus plantarum PBS067 등 프로바이오틱스 복합물(PBS),,FUNCTIONAL_INGREDIENT,UNRESOLVED
60,Lactiplantibacillus plantarum Q180,,FUNCTIONAL_INGREDIENT,UNRESOLVED
61,Lactobacillus acidophilus YT1,,FUNCTIONAL_INGREDIENT,UNRESOLVED
62,Lactobacillus delbrueckii subsp. lactis CKDB001 프로바이오틱스,,FUNCTIONAL_INGREDIENT,UNRESOLVED
63,Lactobacillus gasseri BNR17,,FUNCTIONAL_INGREDIENT,UNRESOLVED
64,Lactobacillus plantarum TWK10 프로바이오틱스,,FUNCTIONAL_INGREDIENT,UNRESOLVED
65,Lactobacillus sakei Probio65,,FUNCTIONAL_INGREDIENT,UNRESOLVED
66,Lactococcus lactis subsp. lactis CAB701 프로바이오틱스,,FUNCTIONAL_INGREDIENT,UNRESOLVED
67,Latilactobacillus curvatus LB-P9 프로바이오틱스,,FUNCTIONAL_INGREDIENT,UNRESOLVED
68,Latilactobacillus sakei K040706 열처리배양건조물(노바사케이),,FUNCTIONAL_INGREDIENT,UNRESOLVED
69,Latilactobacillus sakei LB-P12 프로바이오틱스,,FUNCTIONAL_INGREDIENT,UNRESOLVED
70,Lutein20%(Parry Xanmax 20%),,FUNCTIONAL_INGREDIENT,UNRESOLVED
71,MR-10 민들레등복합추출물,,FUNCTIONAL_INGREDIENT,UNRESOLVED
72,MS-10 엉겅퀴등복합추출물,,FUNCTIONAL_INGREDIENT,UNRESOLVED
73,MSM,,FUNCTIONAL_INGREDIENT,UNRESOLVED
74,Methyl Slufonyl Methane(MSM),,FUNCTIONAL_INGREDIENT,UNRESOLVED
75,N-아세틸글루코사민,,UNKNOWN,UNRESOLVED
76,NAG,,FUNCTIONAL_INGREDIENT,UNRESOLVED
77,"NAG(엔에이지, N-아세틸글루코사민, N-Acetylglucosamine)",,UNKNOWN,UNRESOLVED
78,Nopal추출물,,FUNCTIONAL_INGREDIENT,UNRESOLVED
79,Novasoy,,FUNCTIONAL_INGREDIENT,UNRESOLVED
80,Opti MSM,,FUNCTIONAL_INGREDIENT,UNRESOLVED
81,PMO참밀알부민,,FUNCTIONAL_INGREDIENT,UNRESOLVED
82,Rain Nutrience DistilPureTM MSM,,FUNCTIONAL_INGREDIENT,UNRESOLVED
83,TEAVIGO (고순도 녹차 EGCG 90%),,FUNCTIONAL_INGREDIENT,UNRESOLVED
84,Tonalin CLA FFA,,FUNCTIONAL_INGREDIENT,UNRESOLVED
85,Tonalin CLA TG,,FUNCTIONAL_INGREDIENT,UNRESOLVED
86,Tonalin CLA TG(트리글리세라이드),,FUNCTIONAL_INGREDIENT,UNRESOLVED
87,UREX 프로바이오틱스,,FUNCTIONAL_INGREDIENT,UNRESOLVED
88,Weissella cibaria CMU 프로바이오틱스,,FUNCTIONAL_INGREDIENT,UNRESOLVED
89,Weissella confusa WIKIM51 프로바이오틱스(Wilac D001),,FUNCTIONAL_INGREDIENT,UNRESOLVED
90,[기능성원료 아님] 제조용 원료,,NON_FUNCTIONAL,EXCLUDED
91,weissella cibaria JW15 프로바이오틱스,,FUNCTIONAL_INGREDIENT,UNRESOLVED
92,가다랑어 엘라스틴 펩타이드,,FUNCTIONAL_INGREDIENT,UNRESOLVED
93,가르시니아 캄보지아 껍질추출물,,FUNCTIONAL_INGREDIENT,UNRESOLVED
94,가르시니아 캄보지아 껍질추출물 60,,FUNCTIONAL_INGREDIENT,UNRESOLVED
95,가르시니아 캄보지아 껍질추출물 60HCA,,FUNCTIONAL_INGREDIENT,UNRESOLVED
96,가르시니아 캄보지아 껍질추출물 60HCA MP,,FUNCTIONAL_INGREDIENT,UNRESOLVED
97,가르시니아 캄보지아 껍질추출물 GARSLIM,,FUNCTIONAL_INGREDIENT,UNRESOLVED
98,가르시니아 캄보지아 껍질추출물 HCActive Ca 65,,FUNCTIONAL_INGREDIENT,UNRESOLVED
99,가르시니아 캄보지아 껍질추출물WS,,FUNCTIONAL_INGREDIENT,UNRESOLVED
100,가르시니아 캄보지아껍질 추출물-PE 60,,FUNCTIONAL_INGREDIENT,UNRESOLVED
101,가르시니아캄보지아 추출물,GARCINIA,FUNCTIONAL_INGREDIENT,SUPPORTED
102,가르시니아캄보지아껍질추출물 HCA-600-SXS,,FUNCTIONAL_INGREDIENT,UNRESOLVED
103,가시오가피숙지황복합추출물,,FUNCTIONAL_INGREDIENT,UNRESOLVED
104,가시오갈피 등 복합추출물,,FUNCTIONAL_INGREDIENT,UNRESOLVED
105,가자추출물(AyuFlexR),,FUNCTIONAL_INGREDIENT,UNRESOLVED
106,가쯔오부시 올리고 펩타이드,,FUNCTIONAL_INGREDIENT,UNRESOLVED
107,갈락토올리고당분말(네오고스-P70),,FUNCTIONAL_INGREDIENT,UNRESOLVED
108,감국감태추출복합물,,FUNCTIONAL_INGREDIENT,UNRESOLVED
109,감마리놀렌산 함유 유지,,FUNCTIONAL_INGREDIENT,UNRESOLVED
110,감잎주정추출분말,,FUNCTIONAL_INGREDIENT,UNRESOLVED
111,감태추출물,,FUNCTIONAL_INGREDIENT,UNRESOLVED
112,강황 추출물(터마신),,FUNCTIONAL_INGREDIENT,UNRESOLVED
113,강황추출물,,FUNCTIONAL_INGREDIENT,UNRESOLVED
114,계피추출분말,,FUNCTIONAL_INGREDIENT,UNRESOLVED
115,고소애가수분해물,,FUNCTIONAL_INGREDIENT,UNRESOLVED
116,곤약감자추출물,,FUNCTIONAL_INGREDIENT,UNRESOLVED
117,곤약감자추출분말,,FUNCTIONAL_INGREDIENT,UNRESOLVED
118,골드키위유산균발효물(Kiwibiotics®),,FUNCTIONAL_INGREDIENT,UNRESOLVED
119,곰피추출물,,FUNCTIONAL_INGREDIENT,UNRESOLVED
120,공액리놀레산,,FUNCTIONAL_INGREDIENT,UNRESOLVED
121,공액리놀레산(CONJUGATED LINOLEIC ACID),,FUNCTIONAL_INGREDIENT,UNRESOLVED
122,구기자나무뿌리껍질추출분말,,FUNCTIONAL_INGREDIENT,UNRESOLVED
123,구기자추출물,,FUNCTIONAL_INGREDIENT,UNRESOLVED
124,구리,,NUTRIENT,UNRESOLVED
125,구아검/구아검가수분해물,,FUNCTIONAL_INGREDIENT,UNRESOLVED
126,구아검가수분해물(Sunfiberr),,FUNCTIONAL_INGREDIENT,UNRESOLVED
127,구아바잎,,FUNCTIONAL_INGREDIENT,UNRESOLVED
128,구아바잎 추출물,,FUNCTIONAL_INGREDIENT,UNRESOLVED
129,구아바잎추출물 등 복합물(BENDU381),,FUNCTIONAL_INGREDIENT,UNRESOLVED
130,구절초추출물(조인시스트),,FUNCTIONAL_INGREDIENT,UNRESOLVED
131,굴가수분해물,,FUNCTIONAL_INGREDIENT,UNRESOLVED
132,귀리식이섬유,,FUNCTIONAL_INGREDIENT,UNRESOLVED
133,그린마테추출물 EFLA® 920,,FUNCTIONAL_INGREDIENT,UNRESOLVED
134,그린세라-F (인동덩굴꽃봉오리추출물),,FUNCTIONAL_INGREDIENT,UNRESOLVED
135,그린커피빈주정추출물,,FUNCTIONAL_INGREDIENT,UNRESOLVED
136,그린커피빈추출물,,FUNCTIONAL_INGREDIENT,UNRESOLVED
137,글로빈 가수분해물,,FUNCTIONAL_INGREDIENT,UNRESOLVED
138,글루코만난,,FUNCTIONAL_INGREDIENT,UNRESOLVED
139,글루코사민,,FUNCTIONAL_INGREDIENT,UNRESOLVED
140,금사상황버섯,,FUNCTIONAL_INGREDIENT,UNRESOLVED
141,기장밀추출복합물(KeranatTM),,FUNCTIONAL_INGREDIENT,UNRESOLVED
142,기타가공품,,UNKNOWN,UNRESOLVED
143,까마귀쪽나무 열매 주정추출물,,FUNCTIONAL_INGREDIENT,UNRESOLVED
144,깻잎추출물(PF501),,FUNCTIONAL_INGREDIENT,UNRESOLVED
145,꾸지뽕잎추출물,,FUNCTIONAL_INGREDIENT,UNRESOLVED
146,끼꼬망 포도종자추출물,,FUNCTIONAL_INGREDIENT,UNRESOLVED
147,나이아신,,NUTRIENT,UNRESOLVED
148,나토균배양분말,,FUNCTIONAL_INGREDIENT,UNRESOLVED
149,나토배양물(제2009-50호),,UNKNOWN,UNRESOLVED
150,나한과박추출분말(DKB131),,FUNCTIONAL_INGREDIENT,UNRESOLVED
151,난각막가수분해물(NEM®),,FUNCTIONAL_INGREDIENT,UNRESOLVED
152,난각막분말(DEMR),,FUNCTIONAL_INGREDIENT,UNRESOLVED
153,난소화성말토덱스트린,,FUNCTIONAL_INGREDIENT,UNRESOLVED
154,내츄럴아스타잔틴컴플렉스,,FUNCTIONAL_INGREDIENT,UNRESOLVED
155,녹각효소분해추출물HP(NP-2007),,FUNCTIONAL_INGREDIENT,UNRESOLVED
156,녹용당귀등 복합추출물,,FUNCTIONAL_INGREDIENT,UNRESOLVED
157,녹용유산균발효분말,,FUNCTIONAL_INGREDIENT,UNRESOLVED
158,녹용효소분해추출물(HENKIVR),,FUNCTIONAL_INGREDIENT,UNRESOLVED
159,녹차추출물,GREEN_TEA,FUNCTIONAL_INGREDIENT,SUPPORTED
160,녹차추출물/테아닌 복합물,,FUNCTIONAL_INGREDIENT,UNRESOLVED
161,다래추출물,,FUNCTIONAL_INGREDIENT,UNRESOLVED
162,다이크로스타키스 글로메라타 추출물(Dyglomera®),,FUNCTIONAL_INGREDIENT,UNRESOLVED
163,단백질,,NUTRIENT,UNRESOLVED
164,단삼주정추출분말,,FUNCTIONAL_INGREDIENT,UNRESOLVED
165,단삼주정추출분말(SAGX),,FUNCTIONAL_INGREDIENT,UNRESOLVED
166,달맞이꽃종자 추출물,,FUNCTIONAL_INGREDIENT,UNRESOLVED
167,닭가슴연골분말(UC-II),,FUNCTIONAL_INGREDIENT,UNRESOLVED
168,당귀등추출복합물,,FUNCTIONAL_INGREDIENT,UNRESOLVED
169,당귤농축분말(ROCH),,FUNCTIONAL_INGREDIENT,UNRESOLVED
170,당조고추건조분말,,FUNCTIONAL_INGREDIENT,UNRESOLVED
171,대두 포스파티딜세린(Leci-PS),,FUNCTIONAL_INGREDIENT,UNRESOLVED
172,대두배아유산균발효물(SE5-OH),,FUNCTIONAL_INGREDIENT,UNRESOLVED
173,대두식이섬유,,FUNCTIONAL_INGREDIENT,UNRESOLVED
174,대두올리고당,,FUNCTIONAL_INGREDIENT,UNRESOLVED
175,대두이소플라본,,FUNCTIONAL_INGREDIENT,UNRESOLVED
176,대두이소플라본 추출물 분말,,FUNCTIONAL_INGREDIENT,UNRESOLVED
177,대두이소플라본추출물,,FUNCTIONAL_INGREDIENT,UNRESOLVED
178,대두추출물등 복합물(메노세라),,FUNCTIONAL_INGREDIENT,UNRESOLVED
179,"대웅 코엔자임 Q10(2007-19, 2008-36)",,UNKNOWN,UNRESOLVED
180,댕댕이나무열매(허니베리)추출분말,,FUNCTIONAL_INGREDIENT,UNRESOLVED
181,덖음귤피추출분말(JRC),,FUNCTIONAL_INGREDIENT,UNRESOLVED
182,도라지추출물,,FUNCTIONAL_INGREDIENT,UNRESOLVED
183,도라지추출물(DRJ-AD),,FUNCTIONAL_INGREDIENT,UNRESOLVED
184,돈태반 발효추출물,,FUNCTIONAL_INGREDIENT,UNRESOLVED
185,돌외잎 추출물,,FUNCTIONAL_INGREDIENT,UNRESOLVED
186,돌외잎주정추출분말,,UNKNOWN,UNRESOLVED
187,돌외잎주정추출분말(액티포닌®),,FUNCTIONAL_INGREDIENT,UNRESOLVED
188,동결건조누에분말,,FUNCTIONAL_INGREDIENT,UNRESOLVED
189,동부테아닌(제2008-70호),,UNKNOWN,UNRESOLVED
190,동우코엔자임Q10,,FUNCTIONAL_INGREDIENT,UNRESOLVED
191,동충하초 유래 P. hepiali 균사체(Cs-4) 추출물,,FUNCTIONAL_INGREDIENT,UNRESOLVED
192,동충하초 주정추출물,,FUNCTIONAL_INGREDIENT,UNRESOLVED
193,돼지뇌효소가수분해물,,FUNCTIONAL_INGREDIENT,UNRESOLVED
194,두충우슬추출복합물(KGC08EA),,FUNCTIONAL_INGREDIENT,UNRESOLVED
195,들쭉열매추출물,,FUNCTIONAL_INGREDIENT,UNRESOLVED
196,들쭉열매추출분말,,FUNCTIONAL_INGREDIENT,UNRESOLVED
197,"디메틸설폰(Methyl sulfonylmethane, MSM) 제품",,UNKNOWN,UNRESOLVED
198,라임과피추출물,,FUNCTIONAL_INGREDIENT,UNRESOLVED
199,라임카카오추출복합물,,FUNCTIONAL_INGREDIENT,UNRESOLVED
200,라피노스,,FUNCTIONAL_INGREDIENT,UNRESOLVED
201,락추로스분말,,FUNCTIONAL_INGREDIENT,UNRESOLVED
202,락토페린(우유정제단백질),,FUNCTIONAL_INGREDIENT,UNRESOLVED
203,락토페린LF300(우유유래정제단백질),,FUNCTIONAL_INGREDIENT,UNRESOLVED
204,레몬 밤 추출물 혼합분말,,FUNCTIONAL_INGREDIENT,UNRESOLVED
205,레몬밤민들레추출복합물(LD100),,FUNCTIONAL_INGREDIENT,UNRESOLVED
206,레몬버베나추출물,,FUNCTIONAL_INGREDIENT,UNRESOLVED
207,레몬버베나추출물 등 복합물 (티에뜨레®),,FUNCTIONAL_INGREDIENT,UNRESOLVED
208,레시틴,,FUNCTIONAL_INGREDIENT,UNRESOLVED
209,로즈마리자몽추출복합물,,FUNCTIONAL_INGREDIENT,UNRESOLVED
210,로즈마리추출물등복합물(SunMax),,FUNCTIONAL_INGREDIENT,UNRESOLVED
211,로즈힙분말,,FUNCTIONAL_INGREDIENT,UNRESOLVED
212,루바브뿌리추출물,,FUNCTIONAL_INGREDIENT,UNRESOLVED
213,루바브뿌리추출물(ERr731R),,FUNCTIONAL_INGREDIENT,UNRESOLVED
214,루테인,,FUNCTIONAL_INGREDIENT,UNRESOLVED
215,루테인 지아잔틴 복합 추출물,,FUNCTIONAL_INGREDIENT,UNRESOLVED
216,루테인 지아잔틴 복합 추출물 20%,,FUNCTIONAL_INGREDIENT,UNRESOLVED
217,루테인복합물 SF20,,FUNCTIONAL_INGREDIENT,UNRESOLVED
218,루테인복합물VBAF,,FUNCTIONAL_INGREDIENT,UNRESOLVED
219,루테인지아잔틴추출복합물,,FUNCTIONAL_INGREDIENT,UNRESOLVED
220,루테인추출물20%,,FUNCTIONAL_INGREDIENT,UNRESOLVED
221,루테인추출복합물OS20,,FUNCTIONAL_INGREDIENT,UNRESOLVED
222,루테인추출복합분말CWD10,,FUNCTIONAL_INGREDIENT,UNRESOLVED
223,리스펙타(RespectaR) [프로바이오틱스 등복합물],,FUNCTIONAL_INGREDIENT,UNRESOLVED
224,리프리놀-초록입홍합추출오일,,FUNCTIONAL_INGREDIENT,UNRESOLVED
225,마그나스표고균사체추출물분말,,FUNCTIONAL_INGREDIENT,UNRESOLVED
226,마그네슘,,NUTRIENT,UNRESOLVED
227,마늘,,FUNCTIONAL_INGREDIENT,UNRESOLVED
228,마르멜로추출물,,FUNCTIONAL_INGREDIENT,UNRESOLVED
229,마리골드 추출물(루테인 에스테르),,FUNCTIONAL_INGREDIENT,UNRESOLVED
230,마리골드꽃주정추출물(지아잔틴함유),,FUNCTIONAL_INGREDIENT,UNRESOLVED
231,마리골드꽃추출물,MARIGOLD,FUNCTIONAL_INGREDIENT,SUPPORTED
232,마리골드꽃추출물(지아잔틴함유),,FUNCTIONAL_INGREDIENT,UNRESOLVED
233,마카 젤라틴화 분말,,FUNCTIONAL_INGREDIENT,UNRESOLVED
234,마키베리추출물,,FUNCTIONAL_INGREDIENT,UNRESOLVED
235,마테열수추출물,,FUNCTIONAL_INGREDIENT,UNRESOLVED
236,망간,,NUTRIENT,UNRESOLVED
237,매스틱 검,,FUNCTIONAL_INGREDIENT,UNRESOLVED
238,매실추출물,,FUNCTIONAL_INGREDIENT,UNRESOLVED
239,맥아구절초추출복합물,,FUNCTIONAL_INGREDIENT,UNRESOLVED
240,모로오렌지추출분말(Morosil®),,FUNCTIONAL_INGREDIENT,UNRESOLVED
241,목이버섯식이섬유,,FUNCTIONAL_INGREDIENT,UNRESOLVED
242,목천료추출분말,,FUNCTIONAL_INGREDIENT,UNRESOLVED
243,몰리브덴,,NUTRIENT,UNRESOLVED
244,무화과페이스트,,FUNCTIONAL_INGREDIENT,UNRESOLVED
245,뮤코다당.단백,,UNKNOWN,UNRESOLVED
246,뮤코다당·단백,,FUNCTIONAL_INGREDIENT,UNRESOLVED
247,미강주정추출물,,FUNCTIONAL_INGREDIENT,UNRESOLVED
248,미배아발효분말,,FUNCTIONAL_INGREDIENT,UNRESOLVED
249,미숙여주주정추출분말,,FUNCTIONAL_INGREDIENT,UNRESOLVED
250,미역석류씨추출복합물(잔티젠),,FUNCTIONAL_INGREDIENT,UNRESOLVED
251,미쯔비시 코엔자임Q10,,FUNCTIONAL_INGREDIENT,UNRESOLVED
252,민들레 등 추출복합물,,FUNCTIONAL_INGREDIENT,UNRESOLVED
253,"밀 추출물(Ceratiq, 세라티크)",,FUNCTIONAL_INGREDIENT,UNRESOLVED
254,밀배유추출물,,FUNCTIONAL_INGREDIENT,UNRESOLVED
255,밀식이섬유,,FUNCTIONAL_INGREDIENT,UNRESOLVED
256,밀전분유래 난소화성말토덱스트린,,FUNCTIONAL_INGREDIENT,UNRESOLVED
257,밀크씨슬 추출물(Milk Thistle Extract),,FUNCTIONAL_INGREDIENT,UNRESOLVED
258,밀크씨슬(카르두스 마리아누스) 추출물,,UNKNOWN,UNRESOLVED
259,밀크씨슬추출물,MILK_THISTLE,FUNCTIONAL_INGREDIENT,SUPPORTED
260,바나바잎 추출물,,FUNCTIONAL_INGREDIENT,UNRESOLVED
261,바나바주정추출물,,FUNCTIONAL_INGREDIENT,UNRESOLVED
262,바이오-이소플라본(2008-20),,UNKNOWN,UNRESOLVED
263,바이오게르마늄 효모,,FUNCTIONAL_INGREDIENT,UNRESOLVED
264,발아발효콩추출물,,FUNCTIONAL_INGREDIENT,UNRESOLVED
265,발효굴추출물(FSO),,FUNCTIONAL_INGREDIENT,UNRESOLVED
266,발효생성아미노산복합물,,FUNCTIONAL_INGREDIENT,UNRESOLVED
267,발효식초석류복합물,,FUNCTIONAL_INGREDIENT,UNRESOLVED
268,발효우슬등복합물,,FUNCTIONAL_INGREDIENT,UNRESOLVED
269,발효울금,,FUNCTIONAL_INGREDIENT,UNRESOLVED
270,발효율피추출분말,,FUNCTIONAL_INGREDIENT,UNRESOLVED
271,배초향 고지베리 무화과복합추출물,,FUNCTIONAL_INGREDIENT,UNRESOLVED
272,배초향 추출물 (Agatri®),,FUNCTIONAL_INGREDIENT,UNRESOLVED
273,백수오 등 복합추출물,,FUNCTIONAL_INGREDIENT,UNRESOLVED
274,백출양춘사추출복합물,,FUNCTIONAL_INGREDIENT,UNRESOLVED
275,백편두추출분말(NOVAponinR),,FUNCTIONAL_INGREDIENT,UNRESOLVED
276,베타글루칸 분말,,FUNCTIONAL_INGREDIENT,UNRESOLVED
277,베타카로틴,,NUTRIENT,UNRESOLVED
278,병풀추출분말,,FUNCTIONAL_INGREDIENT,UNRESOLVED
279,보리 베타글루칸 추출물,,FUNCTIONAL_INGREDIENT,UNRESOLVED
280,보리 베타글루칸 추출물(Barley β-glucan Extract),,FUNCTIONAL_INGREDIENT,UNRESOLVED
281,보리수나무열매추출물(Elaea),,FUNCTIONAL_INGREDIENT,UNRESOLVED
282,보리식이섬유,,FUNCTIONAL_INGREDIENT,UNRESOLVED
283,보스웰리아 추출물(Boswellia serrata R. extract),,FUNCTIONAL_INGREDIENT,UNRESOLVED
284,보스웰리아추출물,,FUNCTIONAL_INGREDIENT,UNRESOLVED
285,보스웰리아추출물(FJH-BS),,FUNCTIONAL_INGREDIENT,UNRESOLVED
286,보스웰리아추출물(SERRATRIN),,FUNCTIONAL_INGREDIENT,UNRESOLVED
287,보스웰리아추출물(SERRATRIN)(제2022-17호),,UNKNOWN,UNRESOLVED
288,보스웰리아추출물등 복합물(Flexir),,FUNCTIONAL_INGREDIENT,UNRESOLVED
289,보이차 추출물,,FUNCTIONAL_INGREDIENT,UNRESOLVED
290,복분자 추출물(RE-20),,FUNCTIONAL_INGREDIENT,UNRESOLVED
291,복분자동결건조분말,,FUNCTIONAL_INGREDIENT,UNRESOLVED
292,복분자추출분말,,FUNCTIONAL_INGREDIENT,UNRESOLVED
293,분말한천,,FUNCTIONAL_INGREDIENT,UNRESOLVED
294,블랙라즈베리 추출물,,FUNCTIONAL_INGREDIENT,UNRESOLVED
295,블랙라즈베리한속단추출복합분말,,FUNCTIONAL_INGREDIENT,UNRESOLVED
296,블랙커민추출물(FJ),,FUNCTIONAL_INGREDIENT,UNRESOLVED
297,비수리추출분말,,FUNCTIONAL_INGREDIENT,UNRESOLVED
298,비오틴,,NUTRIENT,UNRESOLVED
299,비즈왁스알코올,,FUNCTIONAL_INGREDIENT,UNRESOLVED
300,비타민 A,,NUTRIENT,UNRESOLVED
301,비타민 B1,,NUTRIENT,UNRESOLVED
302,비타민 B12,,NUTRIENT,UNRESOLVED
303,비타민 B2,,NUTRIENT,UNRESOLVED
304,비타민 B6,,NUTRIENT,UNRESOLVED
305,비타민 C,,NUTRIENT,UNRESOLVED
306,비타민 D,,NUTRIENT,UNRESOLVED
307,비타민 E,,NUTRIENT,UNRESOLVED
308,비타민 K,,NUTRIENT,UNRESOLVED
309,비파엽추출물,,FUNCTIONAL_INGREDIENT,UNRESOLVED
310,빌베리 추출물,,FUNCTIONAL_INGREDIENT,UNRESOLVED
311,빌베리주정추출물,,FUNCTIONAL_INGREDIENT,UNRESOLVED
312,뽕나무가지주정추출분말,,FUNCTIONAL_INGREDIENT,UNRESOLVED
313,사군자추출분말,,FUNCTIONAL_INGREDIENT,UNRESOLVED
314,사삼추출물,,FUNCTIONAL_INGREDIENT,UNRESOLVED
315,사탕수수왁스알코올(폴리코사놀),,FUNCTIONAL_INGREDIENT,UNRESOLVED
316,사프란추출물(AffronR),,FUNCTIONAL_INGREDIENT,UNRESOLVED
317,산딸기 왕느릅나무 치자추출복합물,,FUNCTIONAL_INGREDIENT,UNRESOLVED
318,산딸기·왕느릅나무·치자추출복합물(제2024-36호),,UNKNOWN,UNRESOLVED
319,산수유추출물등복합물(리베스틴®),,FUNCTIONAL_INGREDIENT,UNRESOLVED
320,살라시아레티큘라타추출물,,FUNCTIONAL_INGREDIENT,UNRESOLVED
321,삼백초추출물(LHF618),,FUNCTIONAL_INGREDIENT,UNRESOLVED
322,삽주추출분말,,FUNCTIONAL_INGREDIENT,UNRESOLVED
323,상엽추출물,,FUNCTIONAL_INGREDIENT,UNRESOLVED
324,상추추출물,,FUNCTIONAL_INGREDIENT,UNRESOLVED
325,상황버섯등 추출복합물,,FUNCTIONAL_INGREDIENT,UNRESOLVED
326,상황버섯추출물,,FUNCTIONAL_INGREDIENT,UNRESOLVED
327,새싹보리추출물(Rexcliver®),,FUNCTIONAL_INGREDIENT,UNRESOLVED
328,새싹인삼추출분말,,FUNCTIONAL_INGREDIENT,UNRESOLVED
329,서목태(쥐눈이콩)펩타이드,,FUNCTIONAL_INGREDIENT,UNRESOLVED
330,서목태추출물,,FUNCTIONAL_INGREDIENT,UNRESOLVED
331,석류농축분말,,FUNCTIONAL_INGREDIENT,UNRESOLVED
332,석류추출물,,FUNCTIONAL_INGREDIENT,UNRESOLVED
333,석류효소처리추출물,,FUNCTIONAL_INGREDIENT,UNRESOLVED
334,섬쑥부쟁이추출분말,,FUNCTIONAL_INGREDIENT,UNRESOLVED
335,세리포리아 락세라타 균사체 배양물,,FUNCTIONAL_INGREDIENT,UNRESOLVED
336,셀레늄(또는 셀렌),,NUTRIENT,UNRESOLVED
337,소나무껍질추출물등복합물,,FUNCTIONAL_INGREDIENT,UNRESOLVED
338,소엽추출물,,FUNCTIONAL_INGREDIENT,UNRESOLVED
339,솔잎 증류 농축액,,FUNCTIONAL_INGREDIENT,UNRESOLVED
340,쇠비름들깨혼합추출물,,FUNCTIONAL_INGREDIENT,UNRESOLVED
341,쇠비름주정추출분말(KDC16-2),,FUNCTIONAL_INGREDIENT,UNRESOLVED
342,수국잎열수추출물,,FUNCTIONAL_INGREDIENT,UNRESOLVED
343,수국잎열수추출물(리세린지®),,FUNCTIONAL_INGREDIENT,UNRESOLVED
344,수용화 코큐텐 분말 ALL-Q,,FUNCTIONAL_INGREDIENT,UNRESOLVED
345,스쿠알렌,,FUNCTIONAL_INGREDIENT,UNRESOLVED
346,스페인감초추출물,,FUNCTIONAL_INGREDIENT,UNRESOLVED
347,스피루리나,,FUNCTIONAL_INGREDIENT,UNRESOLVED
348,스피루리나원말,,FUNCTIONAL_INGREDIENT,UNRESOLVED
349,스피루리나추출물(SM70EE),,FUNCTIONAL_INGREDIENT,UNRESOLVED
350,시서스추출물,,FUNCTIONAL_INGREDIENT,UNRESOLVED
351,식물스타놀에스테르,,FUNCTIONAL_INGREDIENT,UNRESOLVED
352,식물스테롤/식물스테롤에스테르,,FUNCTIONAL_INGREDIENT,UNRESOLVED
353,식물스테롤에스테르 제품,,UNKNOWN,UNRESOLVED
354,식이섬유,,NUTRIENT,UNRESOLVED
355,실크단백질 산가수분해물(Sil-Q1),,FUNCTIONAL_INGREDIENT,UNRESOLVED
356,실크단백질 효소가수분해물,,FUNCTIONAL_INGREDIENT,UNRESOLVED
357,쌀겨추출물,,FUNCTIONAL_INGREDIENT,UNRESOLVED
358,썬테아닌,,FUNCTIONAL_INGREDIENT,UNRESOLVED
359,쏘우팔메토열매추출물(SAW PALMETTO EXTRACT OIL),,FUNCTIONAL_INGREDIENT,UNRESOLVED
360,쏘이라이프(Soylife),,FUNCTIONAL_INGREDIENT,UNRESOLVED
361,쏘팔메토 (Saw Palmetto) 열매 추출물,,FUNCTIONAL_INGREDIENT,UNRESOLVED
362,쏘팔메토 열매 초임계추출물,,FUNCTIONAL_INGREDIENT,UNRESOLVED
363,쏘팔메토 열매 추출물,,FUNCTIONAL_INGREDIENT,UNRESOLVED
364,쏘팔메토 열매 추출물 등 복합물,,FUNCTIONAL_INGREDIENT,UNRESOLVED
365,쏘팔메토 열매 추출물(Palmetto RossoTM),,FUNCTIONAL_INGREDIENT,UNRESOLVED
366,쑥부쟁이추출분말,,FUNCTIONAL_INGREDIENT,UNRESOLVED
367,씨제이 테아닌등 복합추출물,,FUNCTIONAL_INGREDIENT,UNRESOLVED
368,씨제이 홍경천 등 복합추출물,,FUNCTIONAL_INGREDIENT,UNRESOLVED
369,씨제이 히비스커스 등 복합추출물,,FUNCTIONAL_INGREDIENT,UNRESOLVED
370,씨폴리놀 감태주정추출물,,FUNCTIONAL_INGREDIENT,UNRESOLVED
371,아글리맥스(AglyMax) 30 이소플라본추출물,,FUNCTIONAL_INGREDIENT,UNRESOLVED
372,아라비아검,,FUNCTIONAL_INGREDIENT,UNRESOLVED
373,아마인,,FUNCTIONAL_INGREDIENT,UNRESOLVED
374,아쉬아간다 추출물,,FUNCTIONAL_INGREDIENT,UNRESOLVED
375,아쉬아간다 추출물(ShodenR),,FUNCTIONAL_INGREDIENT,UNRESOLVED
376,아쉬아간다추출물(KSM-66®),,FUNCTIONAL_INGREDIENT,UNRESOLVED
377,아쉬아간다추출물(Sensoril®),,FUNCTIONAL_INGREDIENT,UNRESOLVED
378,아연,,NUTRIENT,UNRESOLVED
379,아티초크추출물,,FUNCTIONAL_INGREDIENT,UNRESOLVED
380,아프리카망고 종자추출물(IGOB131),,FUNCTIONAL_INGREDIENT,UNRESOLVED
381,알로에 겔,,FUNCTIONAL_INGREDIENT,UNRESOLVED
382,알로에 전잎,,UNKNOWN,UNRESOLVED
383,알콕시글리세롤 함유 상어간유,,FUNCTIONAL_INGREDIENT,UNRESOLVED
384,액상 프락토올리고당,,FUNCTIONAL_INGREDIENT,UNRESOLVED
385,액상다래추출물,,FUNCTIONAL_INGREDIENT,UNRESOLVED
386,양춘사추출물,,FUNCTIONAL_INGREDIENT,UNRESOLVED
387,어린도두꼬투리추출물,,FUNCTIONAL_INGREDIENT,UNRESOLVED
388,에키네시아추출물,,FUNCTIONAL_INGREDIENT,UNRESOLVED
389,"엠에스엠(MSM, Methyl sulfonylmethane, 디메틸설폰)",MSM,FUNCTIONAL_INGREDIENT,SUPPORTED
390,연어이리추출물(DOTTM연어핵산),,FUNCTIONAL_INGREDIENT,UNRESOLVED
391,연어코연골추출물,,FUNCTIONAL_INGREDIENT,UNRESOLVED
392,연어펩타이드,,FUNCTIONAL_INGREDIENT,UNRESOLVED
393,열처리녹차추출물,,FUNCTIONAL_INGREDIENT,UNRESOLVED
394,엽록소 함유 식물,,FUNCTIONAL_INGREDIENT,UNRESOLVED
395,엽산,,NUTRIENT,UNRESOLVED
396,영지버섯 자실체 추출물,,FUNCTIONAL_INGREDIENT,UNRESOLVED
397,영지버섯균사체추출분말,,FUNCTIONAL_INGREDIENT,UNRESOLVED
398,오가피열매50%주정추출물건조엑스,,FUNCTIONAL_INGREDIENT,UNRESOLVED
399,오메가-3 지방산 함유 유지,,FUNCTIONAL_INGREDIENT,UNRESOLVED
400,오미자 두충 구기자추출복합물,,FUNCTIONAL_INGREDIENT,UNRESOLVED
401,오미자박추출물,,FUNCTIONAL_INGREDIENT,UNRESOLVED
402,오미자추출대두복합물,,FUNCTIONAL_INGREDIENT,UNRESOLVED
403,오미자추출물,,FUNCTIONAL_INGREDIENT,UNRESOLVED
404,옥수수겨식이섬유,,FUNCTIONAL_INGREDIENT,UNRESOLVED
405,옥수수배아추출물,,FUNCTIONAL_INGREDIENT,UNRESOLVED
406,옥수수수염.레몬밤추출복합물(CL-5MoA),,FUNCTIONAL_INGREDIENT,UNRESOLVED
407,옥수수수염추출물등 복합물 (CL-5MoA),,FUNCTIONAL_INGREDIENT,UNRESOLVED
408,옥타코사놀 함유 유지,OCTACOSANOL,FUNCTIONAL_INGREDIENT,SUPPORTED
409,올리브잎주정추출물,,FUNCTIONAL_INGREDIENT,UNRESOLVED
410,올리브잎주정추출물 EFLA943,,FUNCTIONAL_INGREDIENT,UNRESOLVED
411,옻나무 추출분말,,FUNCTIONAL_INGREDIENT,UNRESOLVED
412,와사비잎추출물(NCWL01),,FUNCTIONAL_INGREDIENT,UNRESOLVED
413,와일드망고 종자추출물,,FUNCTIONAL_INGREDIENT,UNRESOLVED
414,요오드,,NUTRIENT,UNRESOLVED
415,우뭇가사리추출물,,FUNCTIONAL_INGREDIENT,UNRESOLVED
416,우슬 등 복합물(HL-Joint100),,FUNCTIONAL_INGREDIENT,UNRESOLVED
417,유니벡스대나무잎추출물,,FUNCTIONAL_INGREDIENT,UNRESOLVED
418,유단백가수분해물,,FUNCTIONAL_INGREDIENT,UNRESOLVED
419,유단백가수분해물(락티움),,FUNCTIONAL_INGREDIENT,UNRESOLVED
420,유단백추출물,,FUNCTIONAL_INGREDIENT,UNRESOLVED
421,유비퀴놀(Ubiquinol),,FUNCTIONAL_INGREDIENT,UNRESOLVED
422,유산균발효굴추출물(FGO),,FUNCTIONAL_INGREDIENT,UNRESOLVED
423,유산균발효다시마추출물,,FUNCTIONAL_INGREDIENT,UNRESOLVED
424,유산균발효다시마추출물(동결건조물 및 분무건조물),,FUNCTIONAL_INGREDIENT,UNRESOLVED
425,유산균발효대두분말,,FUNCTIONAL_INGREDIENT,UNRESOLVED
426,유산균발효마늘추출물분말,,FUNCTIONAL_INGREDIENT,UNRESOLVED
427,유산균복합물(AB-LIFE®),,FUNCTIONAL_INGREDIENT,UNRESOLVED
428,유청단백지질추출물,,FUNCTIONAL_INGREDIENT,UNRESOLVED
429,유크림농축분말,,FUNCTIONAL_INGREDIENT,UNRESOLVED
430,은행잎 추출물,,FUNCTIONAL_INGREDIENT,UNRESOLVED
431,이눌린 제품,,UNKNOWN,UNRESOLVED
432,이눌린/치커리추출물,,FUNCTIONAL_INGREDIENT,UNRESOLVED
433,이소말토올리고당,,FUNCTIONAL_INGREDIENT,UNRESOLVED
434,인디안구스베리 새싹보리추출복합물(IB Complex),,FUNCTIONAL_INGREDIENT,UNRESOLVED
435,인삼,,FUNCTIONAL_INGREDIENT,UNRESOLVED
436,인삼가수분해농축액,,FUNCTIONAL_INGREDIENT,UNRESOLVED
437,인삼가시오갈피 등 혼합추출물,,FUNCTIONAL_INGREDIENT,UNRESOLVED
438,인삼다당체추출물,,FUNCTIONAL_INGREDIENT,UNRESOLVED
439,인삼추출물,,FUNCTIONAL_INGREDIENT,UNRESOLVED
440,자몽추출물등 복합물(Sinetrol),,FUNCTIONAL_INGREDIENT,UNRESOLVED
441,자색옥수수속대 포엽추출분말,,FUNCTIONAL_INGREDIENT,UNRESOLVED
442,자일로올리고당(xylooligosaccharide) 분말,,FUNCTIONAL_INGREDIENT,UNRESOLVED
443,자일로올리고당(xylooligosaccharide) 액상,,FUNCTIONAL_INGREDIENT,UNRESOLVED
444,자일리톨,,FUNCTIONAL_INGREDIENT,UNRESOLVED
445,작약추출물등복합물(HT074),,FUNCTIONAL_INGREDIENT,UNRESOLVED
446,잔나비걸상버섯균사체,,FUNCTIONAL_INGREDIENT,UNRESOLVED
447,장미꽃잎추출물(NOVAROSE®),,FUNCTIONAL_INGREDIENT,UNRESOLVED
448,저분자 피쉬 콜라겐 펩타이드 (Naticol® BPMG),,FUNCTIONAL_INGREDIENT,UNRESOLVED
449,저분자돈태반펩타이드,,FUNCTIONAL_INGREDIENT,UNRESOLVED
450,저분자유청단백가수분해물,,FUNCTIONAL_INGREDIENT,UNRESOLVED
451,저분자유청펩타이드,,FUNCTIONAL_INGREDIENT,UNRESOLVED
452,저분자콜라겐펩타이드,,FUNCTIONAL_INGREDIENT,UNRESOLVED
453,저분자콜라겐펩타이드 AG,,FUNCTIONAL_INGREDIENT,UNRESOLVED
454,저분자콜라겐펩타이드GT,,FUNCTIONAL_INGREDIENT,UNRESOLVED
455,저분자콜라겐펩타이드NS,,FUNCTIONAL_INGREDIENT,UNRESOLVED
456,저분자콜라겐펩타이드SH,,FUNCTIONAL_INGREDIENT,UNRESOLVED
457,적포도발효농축액,,FUNCTIONAL_INGREDIENT,UNRESOLVED
458,전칠삼 추출물 등 복합물,,FUNCTIONAL_INGREDIENT,UNRESOLVED
459,전호잎추출물,,FUNCTIONAL_INGREDIENT,UNRESOLVED
460,정어리펩타이드 SP100N,,UNKNOWN,UNRESOLVED
461,중쇄지방산(MCFA) 함유유지,,FUNCTIONAL_INGREDIENT,UNRESOLVED
462,증숙생강추출분말(GGE03),,FUNCTIONAL_INGREDIENT,UNRESOLVED
463,지각상엽추출혼합물,,FUNCTIONAL_INGREDIENT,UNRESOLVED
464,지방산복합물 FAC(Fatty Acid Complex),,FUNCTIONAL_INGREDIENT,UNRESOLVED
465,지아잔틴 추출물,,FUNCTIONAL_INGREDIENT,UNRESOLVED
466,지초추출물,,FUNCTIONAL_INGREDIENT,UNRESOLVED
467,지초추출분말,,FUNCTIONAL_INGREDIENT,UNRESOLVED
468,찔레나무뿌리추출물(RosaFlora®),,FUNCTIONAL_INGREDIENT,UNRESOLVED
469,차전자피 제품,,UNKNOWN,UNRESOLVED
470,차전자피(원료성),,UNKNOWN,UNRESOLVED
471,차전자피식이섬유,,FUNCTIONAL_INGREDIENT,UNRESOLVED
472,차즈기추출물,,FUNCTIONAL_INGREDIENT,UNRESOLVED
473,참깨박추출물,,FUNCTIONAL_INGREDIENT,UNRESOLVED
474,참나리추출분말,,FUNCTIONAL_INGREDIENT,UNRESOLVED
475,참당귀 녹용 황기 복합추출물,,FUNCTIONAL_INGREDIENT,UNRESOLVED
476,참당귀 추출분말(Nutragen),,FUNCTIONAL_INGREDIENT,UNRESOLVED
477,참당귀황기추출복합물(SHPro®),,FUNCTIONAL_INGREDIENT,UNRESOLVED
478,창녕양파추출액,,FUNCTIONAL_INGREDIENT,UNRESOLVED
479,천마 등 복합추출물(HX106),,FUNCTIONAL_INGREDIENT,UNRESOLVED
480,천마추출물,,FUNCTIONAL_INGREDIENT,UNRESOLVED
481,천심련추출물(ParActin®),,FUNCTIONAL_INGREDIENT,UNRESOLVED
482,철,,NUTRIENT,UNRESOLVED
483,청국장균배양정제물(폴리감마글루탐산칼륨),,FUNCTIONAL_INGREDIENT,UNRESOLVED
484,청호추출분말(리베라템),,FUNCTIONAL_INGREDIENT,UNRESOLVED
485,초록입홍합추출오일,,FUNCTIONAL_INGREDIENT,UNRESOLVED
486,초록입홍합추출오일복합물,,FUNCTIONAL_INGREDIENT,UNRESOLVED
487,카제인가수분해물,,FUNCTIONAL_INGREDIENT,UNRESOLVED
488,카카오분말,,FUNCTIONAL_INGREDIENT,UNRESOLVED
489,칸탈로프멜론추출물,,FUNCTIONAL_INGREDIENT,UNRESOLVED
490,칼륨,,NUTRIENT,UNRESOLVED
491,칼슘,,NUTRIENT,UNRESOLVED
492,커피만노올리고당분말,,FUNCTIONAL_INGREDIENT,UNRESOLVED
493,코엔자임Q10,,FUNCTIONAL_INGREDIENT,UNRESOLVED
494,콘드로이친 황산염,,FUNCTIONAL_INGREDIENT,UNRESOLVED
495,콜레우스 포스콜리 추출물 Forslean,,FUNCTIONAL_INGREDIENT,UNRESOLVED
496,콜레우스포스콜리 추출물,,FUNCTIONAL_INGREDIENT,UNRESOLVED
497,콩.보리 발효복합물,,FUNCTIONAL_INGREDIENT,UNRESOLVED
498,콩발효추출물,,FUNCTIONAL_INGREDIENT,UNRESOLVED
499,크랜베리 추출물,,FUNCTIONAL_INGREDIENT,UNRESOLVED
500,크레아틴,,FUNCTIONAL_INGREDIENT,UNRESOLVED
501,크롬,,NUTRIENT,UNRESOLVED
502,크릴오일 (superba boost),,FUNCTIONAL_INGREDIENT,UNRESOLVED
503,크릴오일(FJH-KO),,FUNCTIONAL_INGREDIENT,UNRESOLVED
504,크릴오일등복합물(FlexPro MDR),,FUNCTIONAL_INGREDIENT,UNRESOLVED
505,클로렐라,,FUNCTIONAL_INGREDIENT,UNRESOLVED
506,키토산,,FUNCTIONAL_INGREDIENT,UNRESOLVED
507,키토산/키토올리고당,,FUNCTIONAL_INGREDIENT,UNRESOLVED
508,키토올리고당,,FUNCTIONAL_INGREDIENT,UNRESOLVED
509,타가토스,,FUNCTIONAL_INGREDIENT,UNRESOLVED
510,타마린드강황주정추출복합물(TamaFlexR),,FUNCTIONAL_INGREDIENT,UNRESOLVED
511,타히보 추출물(TabetriR),,FUNCTIONAL_INGREDIENT,UNRESOLVED
512,탈지달맞이꽃종자주정추출물,,FUNCTIONAL_INGREDIENT,UNRESOLVED
513,털부처꽃추출물,,FUNCTIONAL_INGREDIENT,UNRESOLVED
514,테아닌,,FUNCTIONAL_INGREDIENT,UNRESOLVED
515,테아닌(Theanine),,FUNCTIONAL_INGREDIENT,UNRESOLVED
516,테트라셀미스추이건조분말,,FUNCTIONAL_INGREDIENT,UNRESOLVED
517,토마토추출물,,FUNCTIONAL_INGREDIENT,UNRESOLVED
518,토치대두발효추출물,,FUNCTIONAL_INGREDIENT,UNRESOLVED
519,티아이소크라이시스루테아분말,,FUNCTIONAL_INGREDIENT,UNRESOLVED
520,파비플로라생강뿌리추출물,,FUNCTIONAL_INGREDIENT,UNRESOLVED
521,파크랜 크랜베리 분말(PACranTM Whole Cranberry Powder),,FUNCTIONAL_INGREDIENT,UNRESOLVED
522,파크랜크랜베리분말,,FUNCTIONAL_INGREDIENT,UNRESOLVED
523,판토텐산,,NUTRIENT,UNRESOLVED
524,팔밋올레산 함유 명태(알래스카폴락)유래 정제어유,,FUNCTIONAL_INGREDIENT,UNRESOLVED
525,포도 종자 추출물,,FUNCTIONAL_INGREDIENT,UNRESOLVED
526,포도과피 효소발효추출물(KL-GEFE),,FUNCTIONAL_INGREDIENT,UNRESOLVED
527,포도블루베리추출혼합분말,,FUNCTIONAL_INGREDIENT,UNRESOLVED
528,포도씨 추출물,,FUNCTIONAL_INGREDIENT,UNRESOLVED
529,포도잎추출물(HP-01),,FUNCTIONAL_INGREDIENT,UNRESOLVED
530,포스파티딜세린,,FUNCTIONAL_INGREDIENT,UNRESOLVED
531,포스파티딜세린(LECI-PS 90 PN IP),,FUNCTIONAL_INGREDIENT,UNRESOLVED
532,폴리감마글루탐산,,FUNCTIONAL_INGREDIENT,UNRESOLVED
533,폴리덱스트로스,,FUNCTIONAL_INGREDIENT,UNRESOLVED
534,폴리코사놀 - 사탕수수 왁스 알코올,,FUNCTIONAL_INGREDIENT,UNRESOLVED
535,표고버섯균사체 AHCC,,FUNCTIONAL_INGREDIENT,UNRESOLVED
536,표고버섯균사체추출물분말,,UNKNOWN,UNRESOLVED
537,풋사과 농축분말(APPLOZINR),,FUNCTIONAL_INGREDIENT,UNRESOLVED
538,풋사과농축분말(APPLOZIN),,FUNCTIONAL_INGREDIENT,UNRESOLVED
539,풋사과추출물 애플페논(Applephenon),,FUNCTIONAL_INGREDIENT,UNRESOLVED
540,프락토올리고당,,FUNCTIONAL_INGREDIENT,UNRESOLVED
541,프로바이오틱스,PROBIOTICS,FUNCTIONAL_INGREDIENT,SUPPORTED
542,프로바이오틱스 ATP,,FUNCTIONAL_INGREDIENT,UNRESOLVED
543,프로바이오틱스 HY7714,,FUNCTIONAL_INGREDIENT,UNRESOLVED
544,프로바이오틱스 제품,,UNKNOWN,UNRESOLVED
545,프로바이오틱스(Lactiplantibacillus plantarum KC3) 익모초추출복합물(CKDB-315),,FUNCTIONAL_INGREDIENT,UNRESOLVED
546,프로바이오틱스(Lactiplantibacillus plantarum Q180) 미세조류(Phaeodactylum tricornutum) 복합물(CKDB,,FUNCTIONAL_INGREDIENT,UNRESOLVED
547,프로바이오틱스(드시모네),,FUNCTIONAL_INGREDIENT,UNRESOLVED
548,프로바이오틱스(원료성),,UNKNOWN,UNRESOLVED
549,프로폴리스망고스틴껍질복합물,,FUNCTIONAL_INGREDIENT,UNRESOLVED
550,프로폴리스추출물,PROPOLIS,FUNCTIONAL_INGREDIENT,SUPPORTED
551,피니톨,,FUNCTIONAL_INGREDIENT,UNRESOLVED
552,피니톨 분말,,FUNCTIONAL_INGREDIENT,UNRESOLVED
553,피롤로퀴놀린퀴논이나트륨염(NOVAQ®),,FUNCTIONAL_INGREDIENT,UNRESOLVED
554,피브로인추출물 (BF-7®),,FUNCTIONAL_INGREDIENT,UNRESOLVED
555,피쉬 콜라겐펩타이드,,FUNCTIONAL_INGREDIENT,UNRESOLVED
556,"피엘에이지(PLAG, 1-palmitoyl-2-linoleoyl-3-acetyl-rac-g",,FUNCTIONAL_INGREDIENT,UNRESOLVED
557,피카오프레토 분말 등 복합물(ClearGuardTM),,FUNCTIONAL_INGREDIENT,UNRESOLVED
558,피크노제놀-프랑스해안송껍질추출물,,FUNCTIONAL_INGREDIENT,UNRESOLVED
559,피토쏘야(Phyto soya),,FUNCTIONAL_INGREDIENT,UNRESOLVED
560,필수 지방산,,NUTRIENT,UNRESOLVED
561,핑거루트추출물(판두라틴),,FUNCTIONAL_INGREDIENT,UNRESOLVED
562,핑거루트추출분말,,FUNCTIONAL_INGREDIENT,UNRESOLVED
563,하고초추출분말,,FUNCTIONAL_INGREDIENT,UNRESOLVED
564,한삼덩굴추출분말(HSy2),,FUNCTIONAL_INGREDIENT,UNRESOLVED
565,해국추출물,,FUNCTIONAL_INGREDIENT,UNRESOLVED
566,해바라기종자추출물,,FUNCTIONAL_INGREDIENT,UNRESOLVED
567,해태올리고펩타이드,,FUNCTIONAL_INGREDIENT,UNRESOLVED
568,허니부쉬추출발효분말,,FUNCTIONAL_INGREDIENT,UNRESOLVED
569,헛개나무과병 오미자박추출복합물,,FUNCTIONAL_INGREDIENT,UNRESOLVED
570,헛개나무과병추출분말,,FUNCTIONAL_INGREDIENT,UNRESOLVED
571,헤마토코쿠스 CO2 초임계 추출물,,FUNCTIONAL_INGREDIENT,UNRESOLVED
572,헤마토코쿠스 추출물,,FUNCTIONAL_INGREDIENT,UNRESOLVED
573,헤모힘 당귀등 혼합추출물,,FUNCTIONAL_INGREDIENT,UNRESOLVED
574,현삼추출물,,FUNCTIONAL_INGREDIENT,UNRESOLVED
575,호로파종자 등 추출복합물,,FUNCTIONAL_INGREDIENT,UNRESOLVED
576,호로파종자식이섬유,,FUNCTIONAL_INGREDIENT,UNRESOLVED
577,호로파종자추출물,,FUNCTIONAL_INGREDIENT,UNRESOLVED
578,호로파종자추출물(TestofenR),,FUNCTIONAL_INGREDIENT,UNRESOLVED
579,호박씨추출물 등 복합물,,FUNCTIONAL_INGREDIENT,UNRESOLVED
580,호프추출물,,FUNCTIONAL_INGREDIENT,UNRESOLVED
581,홀리바질추출물,,FUNCTIONAL_INGREDIENT,UNRESOLVED
582,홍경천 추출물,,FUNCTIONAL_INGREDIENT,UNRESOLVED
583,홍경천추출물 KH101,,FUNCTIONAL_INGREDIENT,UNRESOLVED
584,홍국,,FUNCTIONAL_INGREDIENT,UNRESOLVED
585,홍국쌀,,FUNCTIONAL_INGREDIENT,UNRESOLVED
586,홍삼,RED_GINSENG,FUNCTIONAL_INGREDIENT,SUPPORTED
587,"홍삼, 사상자, 산수유 복합추추출물",,FUNCTIONAL_INGREDIENT,UNRESOLVED
588,홍삼농축액,,UNKNOWN,UNRESOLVED
589,홍삼오일(KGC11o),,FUNCTIONAL_INGREDIENT,UNRESOLVED
590,홍삼추출효소처리분말,,FUNCTIONAL_INGREDIENT,UNRESOLVED
591,홍어껍질콜라겐펩타이드,,FUNCTIONAL_INGREDIENT,UNRESOLVED
592,황국(Aspergillus 발효물 MK01),,FUNCTIONAL_INGREDIENT,UNRESOLVED
593,황금등복합물,,FUNCTIONAL_INGREDIENT,UNRESOLVED
594,황기추출물 등 복합물(HT042),,FUNCTIONAL_INGREDIENT,UNRESOLVED
595,황칠나무잎 줄기추출물,,FUNCTIONAL_INGREDIENT,UNRESOLVED
596,황해쑥추출분말,,FUNCTIONAL_INGREDIENT,UNRESOLVED
597,회화나무열매추출물,,FUNCTIONAL_INGREDIENT,UNRESOLVED
598,효모베타글루칸,,FUNCTIONAL_INGREDIENT,UNRESOLVED
599,흑차추출물,,FUNCTIONAL_INGREDIENT,UNRESOLVED
600,흑효모배양액분말,,FUNCTIONAL_INGREDIENT,UNRESOLVED
601,흰목이버섯효소분해추출물(Neu learn),,FUNCTIONAL_INGREDIENT,UNRESOLVED
602,히드록시프로필메틸셀룰로오스,,FUNCTIONAL_INGREDIENT,UNRESOLVED
603,히알루론산,,FUNCTIONAL_INGREDIENT,UNRESOLVED
604,히알루론산나트륨,,FUNCTIONAL_INGREDIENT,UNRESOLVED
605,히알루론산나트륨(HA-LF-P),,FUNCTIONAL_INGREDIENT,UNRESOLVED
606,히알우론산 HA-LF-P,,FUNCTIONAL_INGREDIENT,UNRESOLVED
607,히알우론산나트륨,,FUNCTIONAL_INGREDIENT,UNRESOLVED
